﻿<?xml version="1.0" encoding="utf-8"?>
<?xml-stylesheet type="text/xsl" href="file:///C:/PROGRAM FILES (X86)/MICROSOFT VISUAL STUDIO 12.0/COMMON7/IDE/EXTENSIONS/MICROSOFT/ARCHITECTURE TOOLS/EXTENSIBILITY/Logging/CodeGenLog.xslt"?>
<Log xmlns="http://schemas.microsoft.com/VisualStudio/2010/CodeGen.RE.Log" Label="Code Generation/Text Transformation Log">
  <MessageClass Name="Message" Label="Message" Option="Show informational messages" />
  <MessageClass Name="Warning" Label="Warning" Option="Show warnings" />
  <MessageClass Name="Error" Label="Error" Option="Show errors" />
  <MessageClass Name="Property" Label="Property" Option="Show metadata" />
  <MessageClass Name="Diagnostic" Label="Message" Option="Show diagnostic messages" />
  <Message Timestamp="2014-12-22T09:35:40" Importance="High" Text="Code generation or text transformation started." />
  <Message Timestamp="2014-12-22T09:35:40" Importance="Diagnostic" Text="Name = ClassTemplate" />
  <Message Timestamp="2014-12-22T09:35:40" Importance="Diagnostic" Text="Overwrite = True" />
  <Message Timestamp="2014-12-22T09:35:40" Importance="Diagnostic" Text="ProjectPath = ..\ROADModelingProjectLib\ROADModelingProjectLib.csproj" />
  <Message Timestamp="2014-12-22T09:35:40" Importance="Diagnostic" Text="TargetDirectory = GeneratedCode\{PackageStructure}" />
  <Message Timestamp="2014-12-22T09:35:40" Importance="Diagnostic" Text="TargetName = {Name}" />
  <Message Timestamp="2014-12-22T09:35:40" Importance="Diagnostic" Text="TemplateFilePath = C:\PROGRAM FILES (X86)\MICROSOFT VISUAL STUDIO 12.0\COMMON7\IDE\EXTENSIONS\MICROSOFT\ARCHITECTURE TOOLS\EXTENSIBILITY\Templates\Text\ClassTemplate.t4" />
  <Message Timestamp="2014-12-22T09:35:40" Importance="Diagnostic" Text="ResolvedTemplateFilePath = C:\PROGRAM FILES (X86)\MICROSOFT VISUAL STUDIO 12.0\COMMON7\IDE\EXTENSIONS\MICROSOFT\ARCHITECTURE TOOLS\EXTENSIBILITY\Templates\Text\ClassTemplate.t4" />
  <Message Timestamp="2014-12-22T09:35:40" Importance="Medium" Text="ROADModelingProject's Text Template Binding: 'ClassTemplate' will apply ClassTemplate.t4 to: 'ROADModelingProject::User' -  (Class), 'ROADModelingProject::Selection' -  (Class), 'ROADModelingProject::Connection' -  (Class), 'ROADModelingProject::Datasource' -  (Class), 'ROADModelingProject::Choice' -  (Class), 'ROADModelingProject::Query' -  (Class), 'ROADModelingProject::QueryTransform' -  (Class), 'ROADModelingProject::XmlDoc' -  (Class), 'ROADModelingProject::OutputTransform' -  (Class), 'ROADModelingProject::Output' -  (Class) " />
  <Message Timestamp="2014-12-22T09:35:41" Importance="Medium" Text="'ROADModelingProject::User' -  (Class) : success (file replaced) - C:\masters\RetrievalOfAstronomicalData (2)\RetrievalOfAstronomicalData\ROADModelingProjectLib\GeneratedCode\User.cs" />
  <Message Timestamp="2014-12-22T09:35:41" Importance="Medium" Text="'ROADModelingProject::Selection' -  (Class) : success (file replaced) - C:\masters\RetrievalOfAstronomicalData (2)\RetrievalOfAstronomicalData\ROADModelingProjectLib\GeneratedCode\Selection.cs" />
  <Message Timestamp="2014-12-22T09:35:41" Importance="Medium" Text="'ROADModelingProject::Connection' -  (Class) : success (file replaced) - C:\masters\RetrievalOfAstronomicalData (2)\RetrievalOfAstronomicalData\ROADModelingProjectLib\GeneratedCode\Connection.cs" />
  <Message Timestamp="2014-12-22T09:35:41" Importance="Medium" Text="'ROADModelingProject::Datasource' -  (Class) : success (file replaced) - C:\masters\RetrievalOfAstronomicalData (2)\RetrievalOfAstronomicalData\ROADModelingProjectLib\GeneratedCode\Datasource.cs" />
  <Message Timestamp="2014-12-22T09:35:41" Importance="Medium" Text="'ROADModelingProject::Choice' -  (Class) : success (file replaced) - C:\masters\RetrievalOfAstronomicalData (2)\RetrievalOfAstronomicalData\ROADModelingProjectLib\GeneratedCode\Choice.cs" />
  <Message Timestamp="2014-12-22T09:35:41" Importance="Medium" Text="'ROADModelingProject::Query' -  (Class) : success (file replaced) - C:\masters\RetrievalOfAstronomicalData (2)\RetrievalOfAstronomicalData\ROADModelingProjectLib\GeneratedCode\Query.cs" />
  <Message Timestamp="2014-12-22T09:35:41" Importance="Medium" Text="'ROADModelingProject::QueryTransform' -  (Class) : success (file replaced) - C:\masters\RetrievalOfAstronomicalData (2)\RetrievalOfAstronomicalData\ROADModelingProjectLib\GeneratedCode\QueryTransform.cs" />
  <Message Timestamp="2014-12-22T09:35:42" Importance="Medium" Text="'ROADModelingProject::XmlDoc' -  (Class) : success (file replaced) - C:\masters\RetrievalOfAstronomicalData (2)\RetrievalOfAstronomicalData\ROADModelingProjectLib\GeneratedCode\XmlDoc.cs" />
  <Message Timestamp="2014-12-22T09:35:42" Importance="Medium" Text="'ROADModelingProject::OutputTransform' -  (Class) : success (file replaced) - C:\masters\RetrievalOfAstronomicalData (2)\RetrievalOfAstronomicalData\ROADModelingProjectLib\GeneratedCode\OutputTransform.cs" />
  <Message Timestamp="2014-12-22T09:35:42" Importance="Medium" Text="'ROADModelingProject::Output' -  (Class) : success (file replaced) - C:\masters\RetrievalOfAstronomicalData (2)\RetrievalOfAstronomicalData\ROADModelingProjectLib\GeneratedCode\Output.cs" />
  <Message Timestamp="2014-12-22T09:35:42" Importance="Diagnostic" Text="Name = StructTemplate" />
  <Message Timestamp="2014-12-22T09:35:42" Importance="Diagnostic" Text="Overwrite = True" />
  <Message Timestamp="2014-12-22T09:35:42" Importance="Diagnostic" Text="ProjectPath = ..\ROADModelingProjectLib\ROADModelingProjectLib.csproj" />
  <Message Timestamp="2014-12-22T09:35:42" Importance="Diagnostic" Text="TargetDirectory = GeneratedCode\{PackageStructure}" />
  <Message Timestamp="2014-12-22T09:35:42" Importance="Diagnostic" Text="TargetName = {Name}" />
  <Message Timestamp="2014-12-22T09:35:42" Importance="Diagnostic" Text="TemplateFilePath = C:\PROGRAM FILES (X86)\MICROSOFT VISUAL STUDIO 12.0\COMMON7\IDE\EXTENSIONS\MICROSOFT\ARCHITECTURE TOOLS\EXTENSIBILITY\Templates\Text\StructTemplate.t4" />
  <Message Timestamp="2014-12-22T09:35:42" Importance="Diagnostic" Text="ResolvedTemplateFilePath = C:\PROGRAM FILES (X86)\MICROSOFT VISUAL STUDIO 12.0\COMMON7\IDE\EXTENSIONS\MICROSOFT\ARCHITECTURE TOOLS\EXTENSIBILITY\Templates\Text\StructTemplate.t4" />
  <Message Timestamp="2014-12-22T09:35:42" Importance="Medium" Text="ROADModelingProject's Text Template Binding: 'StructTemplate' will apply StructTemplate.t4 to: 'ROADModelingProject::User' -  (Class), 'ROADModelingProject::Selection' -  (Class), 'ROADModelingProject::Connection' -  (Class), 'ROADModelingProject::Datasource' -  (Class), 'ROADModelingProject::Choice' -  (Class), 'ROADModelingProject::Query' -  (Class), 'ROADModelingProject::QueryTransform' -  (Class), 'ROADModelingProject::XmlDoc' -  (Class), 'ROADModelingProject::OutputTransform' -  (Class), 'ROADModelingProject::Output' -  (Class) " />
  <Message Timestamp="2014-12-22T09:35:42" Importance="Diagnostic" Text="'ROADModelingProject::User' -  (Class): no file generated because the 'AppliesToElement' method of the template 'StructTemplate.t4' evaluated to false." />
  <Message Timestamp="2014-12-22T09:35:42" Importance="Diagnostic" Text="'ROADModelingProject::Selection' -  (Class): no file generated because the 'AppliesToElement' method of the template 'StructTemplate.t4' evaluated to false." />
  <Message Timestamp="2014-12-22T09:35:42" Importance="Diagnostic" Text="'ROADModelingProject::Connection' -  (Class): no file generated because the 'AppliesToElement' method of the template 'StructTemplate.t4' evaluated to false." />
  <Message Timestamp="2014-12-22T09:35:42" Importance="Diagnostic" Text="'ROADModelingProject::Datasource' -  (Class): no file generated because the 'AppliesToElement' method of the template 'StructTemplate.t4' evaluated to false." />
  <Message Timestamp="2014-12-22T09:35:42" Importance="Diagnostic" Text="'ROADModelingProject::Choice' -  (Class): no file generated because the 'AppliesToElement' method of the template 'StructTemplate.t4' evaluated to false." />
  <Message Timestamp="2014-12-22T09:35:42" Importance="Diagnostic" Text="'ROADModelingProject::Query' -  (Class): no file generated because the 'AppliesToElement' method of the template 'StructTemplate.t4' evaluated to false." />
  <Message Timestamp="2014-12-22T09:35:42" Importance="Diagnostic" Text="'ROADModelingProject::QueryTransform' -  (Class): no file generated because the 'AppliesToElement' method of the template 'StructTemplate.t4' evaluated to false." />
  <Message Timestamp="2014-12-22T09:35:42" Importance="Diagnostic" Text="'ROADModelingProject::XmlDoc' -  (Class): no file generated because the 'AppliesToElement' method of the template 'StructTemplate.t4' evaluated to false." />
  <Message Timestamp="2014-12-22T09:35:42" Importance="Diagnostic" Text="'ROADModelingProject::OutputTransform' -  (Class): no file generated because the 'AppliesToElement' method of the template 'StructTemplate.t4' evaluated to false." />
  <Message Timestamp="2014-12-22T09:35:42" Importance="Diagnostic" Text="'ROADModelingProject::Output' -  (Class): no file generated because the 'AppliesToElement' method of the template 'StructTemplate.t4' evaluated to false." />
  <Message Timestamp="2014-12-22T09:35:42" Importance="High" Text="Code generation complete. Errors: 0. Warnings: 0." />
</Log>