<?xml version="1.0" encoding="utf-8"?><astronomy xmlns:noNamespaceSchemaLocation="file://C://ROAD//RetrievalOfAstronomicalData//RetrievalOfAstronomicalData//astronomy.xsd"><astrophysics /><astrobiology /><astrochemistry /><archeoastronomy /><planetaryscience /><observationalastronomy><visible><device><manufacturer /><model>SIMBAD</model></device><location><gridRef /><address>Strasbourg</address></location><target><targetname>Tau Ceti</targetname><targetposition /></target><targetephemeris><ephemeris></ephemeris></targetephemeris><datetime><thedate>15 03 2015</thedate><thetime /></datetime><weather><weatherdesc></weatherdesc></weather><observer><forename /><surname></surname><contact /></observer><visibleobservationdata><iscolour /><magnitude /><description>SIMBADHTML</description><fileurlvisible /><filenamevisible /><thedatavisible>
              ![CDATA["http://simbad.u-strasbg.fr/simbad/sim-id?Ident=%401298185&amp;Name=*%20tau%20Cet&amp;submit=submit"]]
            </thedatavisible><thedatavisibleblob /></visibleobservationdata><images><fileurl></fileurl><filename /><imagedata /></images><comments><thecomments>For furthur info check the data</thecomments></comments></visible></observationalastronomy><observationalastronomy><visible><device><manufacturer /><model>OEC</model></device><location><gridRef /><address>GITHUB</address></location><target><targetname>Tau Ceti</targetname><targetposition /></target><targetephemeris><ephemeris></ephemeris></targetephemeris><datetime><thedate>15 03 2015</thedate><thetime /></datetime><weather><weatherdesc></weatherdesc></weather><observer><forename /><surname></surname><contact /></observer><visibleobservationdata><iscolour /><magnitude /><description>XML</description><fileurlvisible /><filenamevisible /><thedatavisible>
              &lt;system&gt;
	&lt;name&gt;tau Ceti&lt;/name&gt;
	&lt;name&gt;HD 10700&lt;/name&gt;
	&lt;rightascension&gt;01 44 04&lt;/rightascension&gt;
	&lt;declination&gt;-15 56 15&lt;/declination&gt;
	&lt;distance&gt;3.65&lt;/distance&gt;
	&lt;star&gt;
		&lt;magB&gt;4.22&lt;/magB&gt;
		&lt;magV&gt;3.50&lt;/magV&gt;
		&lt;magJ errorminus="0.31" errorplus="0.31"&gt;2.15&lt;/magJ&gt;
		&lt;magH errorminus="0.234" errorplus="0.234"&gt;1.800&lt;/magH&gt;
		&lt;magK errorminus="0.274" errorplus="0.274"&gt;1.794&lt;/magK&gt;
		&lt;name&gt;tau Ceti&lt;/name&gt;
		&lt;name&gt;HD 10700&lt;/name&gt;
		&lt;mass&gt;0.783&lt;/mass&gt;
		&lt;radius&gt;0.798&lt;/radius&gt;
		&lt;metallicity&gt;-0.55&lt;/metallicity&gt;
		&lt;age&gt;5.8&lt;/age&gt;
		&lt;spectraltype&gt;G8.5 V&lt;/spectraltype&gt;
		&lt;planet&gt;
			&lt;name&gt;tau Ceti b&lt;/name&gt;
			&lt;name&gt;HD 10700 b&lt;/name&gt;
			&lt;list&gt;Controversial&lt;/list&gt;
			&lt;mass&gt;0.0062914013&lt;/mass&gt;
			&lt;period&gt;13.965&lt;/period&gt;
			&lt;semimajoraxis&gt;0.105&lt;/semimajoraxis&gt;
			&lt;eccentricity&gt;0.16&lt;/eccentricity&gt;
			&lt;discoverymethod&gt;RV&lt;/discoverymethod&gt;
			&lt;lastupdate&gt;12/12/19&lt;/lastupdate&gt;
			&lt;discoveryyear&gt;2012&lt;/discoveryyear&gt;
			&lt;description&gt;Multiple periodic signals were found by Tuomi et al. in 2012 in the radial velocity data from HARPS, AAPS and HIRES. The planetary nature of the signals has yet to be confirmed.&lt;/description&gt;
			&lt;image&gt;tau_ceti&lt;/image&gt;
			&lt;imagedescription&gt;Artist's impression of the Tau Ceti system

Picture credit: J. Pinfield for the RoPACS network at the University of Hertfordshire, 2012.&lt;/imagedescription&gt;
		&lt;/planet&gt;
		&lt;planet&gt;
			&lt;name&gt;tau Ceti c&lt;/name&gt;
			&lt;name&gt;HD 10700 c&lt;/name&gt;
			&lt;list&gt;Controversial&lt;/list&gt;
			&lt;mass&gt;0.009751672&lt;/mass&gt;
			&lt;period&gt;35.362&lt;/period&gt;
			&lt;semimajoraxis&gt;0.195&lt;/semimajoraxis&gt;
			&lt;eccentricity&gt;0.03&lt;/eccentricity&gt;
			&lt;discoverymethod&gt;RV&lt;/discoverymethod&gt;
			&lt;lastupdate&gt;12/12/19&lt;/lastupdate&gt;
			&lt;discoveryyear&gt;2012&lt;/discoveryyear&gt;
			&lt;description&gt;Multiple periodic signals were found by Tuomi et al. in 2012 in the radial velocity data from HARPS, AAPS and HIRES. The planetary nature of the signals has yet to be confirmed.&lt;/description&gt;
			&lt;image&gt;tau_ceti&lt;/image&gt;
			&lt;imagedescription&gt;Artist's impression of the Tau Ceti system

Picture credit: J. Pinfield for the RoPACS network at the University of Hertfordshire, 2012.&lt;/imagedescription&gt;
		&lt;/planet&gt;
		&lt;planet&gt;
			&lt;name&gt;tau Ceti d&lt;/name&gt;
			&lt;name&gt;HD 10700 d&lt;/name&gt;
			&lt;list&gt;Controversial&lt;/list&gt;
			&lt;mass&gt;0.011324522&lt;/mass&gt;
			&lt;period&gt;94.11&lt;/period&gt;
			&lt;semimajoraxis&gt;0.374&lt;/semimajoraxis&gt;
			&lt;eccentricity&gt;0.08&lt;/eccentricity&gt;
			&lt;discoverymethod&gt;RV&lt;/discoverymethod&gt;
			&lt;lastupdate&gt;12/12/19&lt;/lastupdate&gt;
			&lt;discoveryyear&gt;2012&lt;/discoveryyear&gt;
			&lt;description&gt;Multiple periodic signals were found by Tuomi et al. in 2012 in the radial velocity data from HARPS, AAPS and HIRES. The planetary nature of the signals has yet to be confirmed.&lt;/description&gt;
			&lt;image&gt;tau_ceti&lt;/image&gt;
			&lt;imagedescription&gt;Artist's impression of the Tau Ceti system

Picture credit: J. Pinfield for the RoPACS network at the University of Hertfordshire, 2012.&lt;/imagedescription&gt;
		&lt;/planet&gt;
		&lt;planet&gt;
			&lt;name&gt;tau Ceti e&lt;/name&gt;
			&lt;name&gt;HD 10700 e&lt;/name&gt;
			&lt;list&gt;Controversial&lt;/list&gt;
			&lt;mass&gt;0.013526513&lt;/mass&gt;
			&lt;period&gt;168.12&lt;/period&gt;
			&lt;semimajoraxis&gt;0.552&lt;/semimajoraxis&gt;
			&lt;eccentricity&gt;0.085&lt;/eccentricity&gt;
			&lt;discoverymethod&gt;RV&lt;/discoverymethod&gt;
			&lt;lastupdate&gt;12/12/19&lt;/lastupdate&gt;
			&lt;discoveryyear&gt;2012&lt;/discoveryyear&gt;
			&lt;description&gt;Multiple periodic signals were found by Tuomi et al. in 2012 in the radial velocity data from HARPS, AAPS and HIRES. The planetary nature of the signals has yet to be confirmed.&lt;/description&gt;
			&lt;image&gt;tau_ceti&lt;/image&gt;
			&lt;imagedescription&gt;Artist's impression of the Tau Ceti system

Picture credit: J. Pinfield for the RoPACS network at the University of Hertfordshire, 2012.&lt;/imagedescription&gt;
		&lt;/planet&gt;
		&lt;planet&gt;
			&lt;name&gt;tau Ceti f&lt;/name&gt;
			&lt;name&gt;HD 10700 f&lt;/name&gt;
			&lt;list&gt;Controversial&lt;/list&gt;
			&lt;mass&gt;0.020761624&lt;/mass&gt;
			&lt;period&gt;642&lt;/period&gt;
			&lt;semimajoraxis&gt;1.35&lt;/semimajoraxis&gt;
			&lt;eccentricity&gt;0.03&lt;/eccentricity&gt;
			&lt;discoverymethod&gt;RV&lt;/discoverymethod&gt;
			&lt;lastupdate&gt;12/12/19&lt;/lastupdate&gt;
			&lt;discoveryyear&gt;2012&lt;/discoveryyear&gt;
			&lt;description&gt;Multiple periodic signals were found by Tuomi et al. in 2012 in the radial velocity data from HARPS, AAPS and HIRES. The planetary nature of the signals has yet to be confirmed.&lt;/description&gt;
			&lt;image&gt;tau_ceti&lt;/image&gt;
			&lt;imagedescription&gt;Artist's impression of the Tau Ceti system

Picture credit: J. Pinfield for the RoPACS network at the University of Hertfordshire, 2012.&lt;/imagedescription&gt;
		&lt;/planet&gt;
	&lt;/star&gt;
&lt;/system&gt;

            </thedatavisible><thedatavisibleblob /></visibleobservationdata><images><fileurl></fileurl><filename /><imagedata /></images><comments><thecomments>For furthur info check the data</thecomments></comments></visible></observationalastronomy><observationalastronomy><visible><device><manufacturer /><model>OEC</model></device><location><gridRef /><address>GITHUB</address></location><target><targetname>Tau Ceti</targetname><targetposition /></target><targetephemeris><ephemeris></ephemeris></targetephemeris><datetime><thedate>15 03 2015</thedate><thetime /></datetime><weather><weatherdesc></weatherdesc></weather><observer><forename /><surname></surname><contact /></observer><visibleobservationdata><iscolour /><magnitude /><description>HTML</description><fileurlvisible /><filenamevisible /><thedatavisible>
              ![CDATA[&lt;h3&gt;Planet sizes&lt;/h3&gt;
&lt;p&gt;
The following plot shows the approximate sizes of the planets in this system
The Solar System planets are shown as a comparison.
Note that unless the radius has been determined through a transit observation, this is only an approximation (see Lissauer et al. 2011b).
&lt;/p&gt;
&lt;svg width="480" height="400"&gt;

        &lt;defs&gt;
        &lt;radialGradient id = "g1" cx = "50%" cy = "50%" r = "50%"&gt;
            &lt;stop style="stop-color:rgb(20,20,20);" offset = "0%"/&gt;
            &lt;stop style="stop-color:rgb(100,100,100);" offset = "95%"/&gt;
            &lt;stop style="stop-color:rgb(250,250,250);" offset = "100%"/&gt;
            &lt;/radialGradient&gt;
        &lt;radialGradient id = "g2" cx = "50%" cy = "50%" r = "50%"&gt;
            &lt;stop style="stop-color:rgb(120,120,120);" offset = "0%"/&gt;
            &lt;stop style="stop-color:rgb(180,180,180);" offset = "95%"/&gt;
            &lt;stop style="stop-color:rgb(252,252,252);" offset = "100%"/&gt;
            &lt;/radialGradient&gt;
        &lt;radialGradient id = "g3" cx = "50%" cy = "50%" r = "50%"&gt;
            &lt;stop style="stop-color:rgb(120,80,80);" offset = "0%"/&gt;
            &lt;stop style="stop-color:rgb(180,100,100);" offset = "95%"/&gt;
            &lt;stop style="stop-color:rgb(252,202,202);" offset = "100%"/&gt;
            &lt;/radialGradient&gt;
        &lt;/defs&gt;
        &lt;g style="stroke:black;"&gt;
    &lt;circle cx="2.102509" cy="300.000000" r="1.102509" style="fill:url(#g2); stroke:none" /&gt;&lt;line x1="2.000000" y1="209.000000" x2="2.000000" y2="300.000000" fill="none" stroke="lightgrey" /&gt;&lt;text x="2.000000" y="215.000000" font-family="sans-serif" font-weight="normal"  font-size="12.000000" stroke="none" &gt;Pluto&lt;/text&gt;&lt;circle cx="17.523137" cy="300.000000" r="2.318120" style="fill:url(#g2); stroke:none" /&gt;&lt;line x1="16.205018" y1="224.000000" x2="16.205018" y2="300.000000" fill="none" stroke="lightgrey" /&gt;&lt;text x="16.205018" y="230.000000" font-family="sans-serif" font-weight="normal"  font-size="12.000000" stroke="none" &gt;Mercury&lt;/text&gt;&lt;circle cx="35.069897" cy="300.000000" r="3.228640" style="fill:url(#g2); stroke:none" /&gt;&lt;line x1="32.841257" y1="239.000000" x2="32.841257" y2="300.000000" fill="none" stroke="lightgrey" /&gt;&lt;text x="32.841257" y="245.000000" font-family="sans-serif" font-weight="normal"  font-size="12.000000" stroke="none" &gt;Mars&lt;/text&gt;&lt;circle cx="56.050591" cy="300.000000" r="5.752054" style="fill:url(#g2); stroke:none" /&gt;&lt;line x1="51.298537" y1="254.000000" x2="51.298537" y2="300.000000" fill="none" stroke="lightgrey" /&gt;&lt;text x="51.298537" y="260.000000" font-family="sans-serif" font-weight="normal"  font-size="12.000000" stroke="none" &gt;Venus&lt;/text&gt;&lt;circle cx="79.864543" cy="300.000000" r="6.061897" style="fill:url(#g2); stroke:none" /&gt;&lt;line x1="74.802646" y1="269.000000" x2="74.802646" y2="300.000000" fill="none" stroke="lightgrey" /&gt;&lt;text x="74.802646" y="275.000000" font-family="sans-serif" font-weight="normal"  font-size="12.000000" stroke="none" &gt;Earth&lt;/text&gt;&lt;circle cx="121.943074" cy="300.000000" r="24.016633" style="fill:url(#g2); stroke:none" /&gt;&lt;line x1="98.926441" y1="284.000000" x2="98.926441" y2="300.000000" fill="none" stroke="lightgrey" /&gt;&lt;text x="98.926441" y="290.000000" font-family="sans-serif" font-weight="normal"  font-size="12.000000" stroke="none" &gt;Neptune&lt;/text&gt;&lt;circle cx="182.251968" cy="300.000000" r="24.292260" style="fill:url(#g2); stroke:none" /&gt;&lt;line x1="158.959707" y1="299.000000" x2="158.959707" y2="300.000000" fill="none" stroke="lightgrey" /&gt;&lt;text x="158.959707" y="305.000000" font-family="sans-serif" font-weight="normal"  font-size="12.000000" stroke="none" &gt;Uranus&lt;/text&gt;&lt;circle cx="275.825262" cy="300.000000" r="57.281034" style="fill:url(#g2); stroke:none" /&gt;&lt;line x1="219.544228" y1="314.000000" x2="219.544228" y2="300.000000" fill="none" stroke="lightgrey" /&gt;&lt;text x="219.544228" y="320.000000" font-family="sans-serif" font-weight="normal"  font-size="12.000000" stroke="none" &gt;Saturn&lt;/text&gt;&lt;circle cx="413.053153" cy="300.000000" r="67.946856" style="fill:url(#g2); stroke:none" /&gt;&lt;line x1="346.106296" y1="329.000000" x2="346.106296" y2="300.000000" fill="none" stroke="lightgrey" /&gt;&lt;text x="346.106296" y="335.000000" font-family="sans-serif" font-weight="normal"  font-size="12.000000" stroke="none" &gt;Jupiter&lt;/text&gt;&lt;circle cx="9.668873" cy="100.000000" r="8.668873" style="fill:url(#g3); stroke:none" /&gt;&lt;line x1="2.000000" y1="9.000000" x2="2.000000" y2="100.000000" fill="none" stroke="lightgrey" /&gt;&lt;text x="2.000000" y="15.000000" font-family="sans-serif" font-weight="normal"  font-size="12.000000" stroke="none" &gt;tau Ceti b&lt;/text&gt;&lt;circle cx="41.061741" cy="100.000000" r="10.723996" style="fill:url(#g3); stroke:none" /&gt;&lt;line x1="31.337745" y1="24.000000" x2="31.337745" y2="100.000000" fill="none" stroke="lightgrey" /&gt;&lt;text x="31.337745" y="30.000000" font-family="sans-serif" font-weight="normal"  font-size="12.000000" stroke="none" &gt;tau Ceti c&lt;/text&gt;&lt;circle cx="75.317118" cy="100.000000" r="11.531381" style="fill:url(#g3); stroke:none" /&gt;&lt;line x1="64.785738" y1="39.000000" x2="64.785738" y2="100.000000" fill="none" stroke="lightgrey" /&gt;&lt;text x="64.785738" y="45.000000" font-family="sans-serif" font-weight="normal"  font-size="12.000000" stroke="none" &gt;tau Ceti d&lt;/text&gt;&lt;circle cx="111.418651" cy="100.000000" r="12.570152" style="fill:url(#g3); stroke:none" /&gt;&lt;line x1="99.848499" y1="54.000000" x2="99.848499" y2="100.000000" fill="none" stroke="lightgrey" /&gt;&lt;text x="99.848499" y="60.000000" font-family="sans-serif" font-weight="normal"  font-size="12.000000" stroke="none" &gt;tau Ceti e&lt;/text&gt;&lt;circle cx="151.465148" cy="100.000000" r="15.476345" style="fill:url(#g3); stroke:none" /&gt;&lt;line x1="136.988802" y1="69.000000" x2="136.988802" y2="100.000000" fill="none" stroke="lightgrey" /&gt;&lt;text x="136.988802" y="75.000000" font-family="sans-serif" font-weight="normal"  font-size="12.000000" stroke="none" &gt;tau Ceti f&lt;/text&gt; &lt;/g&gt;
&lt;/svg&gt;



&lt;h3&gt;Habitable zone&lt;/h3&gt;
&lt;p&gt;
The following plot shows the approximate location of the planets in this system with respect to the habitable zone (green) and the size of the star (red).
This is only an estimate, using the star's spectral type and mass. 
Note that if no green band is shown in the plot, then the planet's orbit is far outside the habitable zone.
The equations of &lt;a href="http://adsabs.harvard.edu/abs/2007A%26A...476.1373S"&gt;Selsis, Kasting et al&lt;/a&gt; are used to draw the inner and outer boundaries. 
&lt;/p&gt;
&lt;svg width="600" height="100"&gt;

        &lt;defs&gt;
            &lt;radialGradient id="habitablegradient" &gt; 
                &lt;stop id="stops0" offset=".0" stop-color="lightgreen" stop-opacity="0"/&gt;
                &lt;stop id="stops1" offset="0.343789" stop-color="lightgreen" stop-opacity="0"/&gt;
                &lt;stop id="stops2" offset="0.480324" stop-color="lightgreen" stop-opacity="1"/&gt;
                &lt;stop id="stops3" offset="0.858408" stop-color="lightgreen" stop-opacity="1"/&gt;
                &lt;stop id="stops4" offset="1" stop-color="lightgreen" stop-opacity="0"/&gt;
            &lt;/radialGradient&gt; 
        &lt;/defs&gt;
        &lt;ellipse cx="0.000000" cy="50.000000" rx="440.053612" ry="440.053612" fill="url(#habitablegradient)" /&gt;&lt;text     x="151.285662" y="99.000000" font-family="sans-serif" font-weight="normal"  font-size="12" stroke="none" style="fill:green"&gt;Habitable zone&lt;/text&gt;&lt;ellipse cx="0.000000" cy="50.000000" rx="1.347563" ry="1.347563" style="fill:red" /&gt;&lt;g style="stroke:black"/&gt;&lt;g&gt;&lt;ellipse cx="0.000000" cy="50.000000" rx="38.111111" ry="38.111111" style="fill:none" /&gt;&lt;text x="40.111111" y="24.000000" font-family="sans-serif" font-weight="normal"  font-size="12.000000" stroke="none" &gt;tau Ceti b&lt;/text&gt;&lt;/g&gt;&lt;g&gt;&lt;ellipse cx="0.000000" cy="50.000000" rx="70.777778" ry="70.777778" style="fill:none" /&gt;&lt;text x="72.777778" y="36.000000" font-family="sans-serif" font-weight="normal"  font-size="12.000000" stroke="none" &gt;tau Ceti c&lt;/text&gt;&lt;/g&gt;&lt;g&gt;&lt;ellipse cx="0.000000" cy="50.000000" rx="135.748148" ry="135.748148" style="fill:none" /&gt;&lt;text x="137.748148" y="48.000000" font-family="sans-serif" font-weight="normal"  font-size="12.000000" stroke="none" &gt;tau Ceti d&lt;/text&gt;&lt;/g&gt;&lt;g&gt;&lt;ellipse cx="0.000000" cy="50.000000" rx="200.355556" ry="200.355556" style="fill:none" /&gt;&lt;text x="202.355556" y="60.000000" font-family="sans-serif" font-weight="normal"  font-size="12.000000" stroke="none" &gt;tau Ceti e&lt;/text&gt;&lt;/g&gt;&lt;g&gt;&lt;ellipse cx="0.000000" cy="50.000000" rx="490.000000" ry="490.000000" style="fill:none" /&gt;&lt;text x="492.000000" y="72.000000" font-family="sans-serif" font-weight="normal"  font-size="12.000000" stroke="none" &gt;tau Ceti f&lt;/text&gt;&lt;/g&gt;
&lt;/svg&gt;





]]
            </thedatavisible><thedatavisibleblob /></visibleobservationdata><images><fileurl></fileurl><filename /><imagedata /></images><comments><thecomments>For furthur info check the data</thecomments></comments></visible></observationalastronomy><observationalastronomy><infrared><device><manufacturer /><model>MAST Repository</model></device><location><gridRef /><address>USA</address></location><target><targetname>Tau Ceti</targetname><targetposition /></target><targetephemeris><ephemeris></ephemeris></targetephemeris><datetime><thedate>15 03 2015</thedate><thetime /></datetime><weather><weatherdesc></weatherdesc></weather><observer><forename /><surname></surname><contact /></observer><irobservationdata><thetime /><theintensity /><thewavelength /><description>CSV</description><fileurlir /><filenameir /><thedatair>Dataset,Target Name,RA (J2000),Dec (J2000),Ref,Start Time,Stop Time,Exp Time,Instrument,Apertures,Filters/Gratings,Central Wavelength,Proposal ID,Release Date,Preview Name,High-Level Science Products,Ang Sep (')
string,string,ra,dec,integer,datetime,datetime,float,string,string,string,float,integer,datetime,string,integer,float
U33LC701M,CL-ULIR00060-1543,00 08 35.281,-15 27 20.22,35,1997-05-07 07:53:14,1997-05-07 07:59:54,400.000,WFPC2 ,WF3,F814W,8012.000,6346,1998-05-07 13:13:50,U33LC701M,,41.353
U33LC702M,CL-ULIR00060-1543,00 08 35.281,-15 27 20.22,35,1997-05-07 08:02:14,1997-05-07 08:08:54,400.000,WFPC2 ,WF3,F814W,8012.000,6346,1998-05-07 13:06:10,U33LC702M,,41.353
N52XAKRRQ,ANY,00 02 12.868,-15 32 28.25,2,1998-09-26 01:54:44,1998-09-26 02:11:48,1023.950,NICMOS,NIC2,F222M,22181.699,8082,1998-09-26 18:27:26,N52XAKRRQ,,51.248
N4XFGESUQ,ANY,00 02 12.868,-15 32 28.25,1,1998-09-26 06:32:14,1998-09-26 06:39:42,447.976,NICMOS,NIC2,F222M,22181.699,8063,1998-09-26 17:33:24,N4XFGESUQ,,51.248
N4XFGFT3Q,ANY,00 02 12.868,-15 32 28.25,1,1998-09-26 06:51:39,1998-09-26 06:59:07,447.976,NICMOS,NIC2,F222M,22181.699,8063,1998-09-26 18:06:37,N4XFGFT3Q,,51.248
N52XALS5Q,ANY,00 02 12.868,-15 32 28.25,2,1998-09-26 03:30:25,1998-09-26 03:47:29,1023.950,NICMOS,NIC2,F222M,22181.699,8082,1998-09-26 18:42:19,N52XALS5Q,,51.248
N52XAMSJQ,ANY,00 02 12.868,-15 32 28.25,2,1998-09-26 05:07:13,1998-09-26 05:24:17,1023.950,NICMOS,NIC2,F222M,22181.699,8082,1998-09-26 18:49:49,N52XAMSJQ,,51.248
N52XAKRJQ,ANY,00 02 12.780,-15 32 29.77,2,1998-09-26 01:34:28,1998-09-26 01:51:32,1023.950,NICMOS,NIC2,F222M,22181.699,8082,1998-09-26 15:54:00,N52XAKRJQ,,51.269
N52XALRXQ,ANY,00 02 12.780,-15 32 29.77,2,1998-09-26 03:10:09,1998-09-26 03:27:13,1023.950,NICMOS,NIC2,F222M,22181.699,8082,1998-09-26 16:31:04,N52XALRXQ,,51.269
N52XAMSDQ,ANY,00 02 12.780,-15 32 29.77,2,1998-09-26 04:46:57,1998-09-26 05:04:01,1023.950,NICMOS,NIC2,F222M,22181.699,8082,1998-09-26 17:09:52,N52XAMSDQ,,51.269

</thedatair><thedatairblob /></irobservationdata><images><fileurl></fileurl><filename /><imagedata /></images><comments><thecomments>For furthur info check the data</thecomments></comments></infrared></observationalastronomy></astronomy>