<?xml version="1.0" encoding="utf-8"?><astronomy xmlns:noNamespaceSchemaLocation="file://C://ROAD//RetrievalOfAstronomicalData//RetrievalOfAstronomicalData//astronomy.xsd"><astrophysics /><astrobiology /><astrochemistry /><archeoastronomy /><planetaryscience /><observationalastronomy><visible><device><manufacturer /><model>OEC</model></device><location><gridRef /><address>GITHUB</address></location><target><targetname>Tau Ceti</targetname><targetposition /></target><targetephemeris><ephemeris></ephemeris></targetephemeris><datetime><thedate>15 03 2015</thedate><thetime /></datetime><weather><weatherdesc></weatherdesc></weather><observer><forename /><surname></surname><contact /></observer><visibleobservationdata><iscolour /><magnitude /><description>XML</description><fileurlvisible /><filenamevisible /><thedatavisible>
              &lt;system&gt;
	&lt;name&gt;tau Ceti&lt;/name&gt;
	&lt;name&gt;HD 10700&lt;/name&gt;
	&lt;rightascension&gt;01 44 04&lt;/rightascension&gt;
	&lt;declination&gt;-15 56 15&lt;/declination&gt;
	&lt;distance&gt;3.65&lt;/distance&gt;
	&lt;star&gt;
		&lt;magB&gt;4.22&lt;/magB&gt;
		&lt;magV&gt;3.50&lt;/magV&gt;
		&lt;magJ errorminus="0.31" errorplus="0.31"&gt;2.15&lt;/magJ&gt;
		&lt;magH errorminus="0.234" errorplus="0.234"&gt;1.800&lt;/magH&gt;
		&lt;magK errorminus="0.274" errorplus="0.274"&gt;1.794&lt;/magK&gt;
		&lt;name&gt;tau Ceti&lt;/name&gt;
		&lt;name&gt;HD 10700&lt;/name&gt;
		&lt;mass&gt;0.783&lt;/mass&gt;
		&lt;radius&gt;0.798&lt;/radius&gt;
		&lt;metallicity&gt;-0.55&lt;/metallicity&gt;
		&lt;age&gt;5.8&lt;/age&gt;
		&lt;spectraltype&gt;G8.5 V&lt;/spectraltype&gt;
		&lt;planet&gt;
			&lt;name&gt;tau Ceti b&lt;/name&gt;
			&lt;name&gt;HD 10700 b&lt;/name&gt;
			&lt;list&gt;Controversial&lt;/list&gt;
			&lt;mass&gt;0.0062914013&lt;/mass&gt;
			&lt;period&gt;13.965&lt;/period&gt;
			&lt;semimajoraxis&gt;0.105&lt;/semimajoraxis&gt;
			&lt;eccentricity&gt;0.16&lt;/eccentricity&gt;
			&lt;discoverymethod&gt;RV&lt;/discoverymethod&gt;
			&lt;lastupdate&gt;12/12/19&lt;/lastupdate&gt;
			&lt;discoveryyear&gt;2012&lt;/discoveryyear&gt;
			&lt;description&gt;Multiple periodic signals were found by Tuomi et al. in 2012 in the radial velocity data from HARPS, AAPS and HIRES. The planetary nature of the signals has yet to be confirmed.&lt;/description&gt;
			&lt;image&gt;tau_ceti&lt;/image&gt;
			&lt;imagedescription&gt;Artist's impression of the Tau Ceti system

Picture credit: J. Pinfield for the RoPACS network at the University of Hertfordshire, 2012.&lt;/imagedescription&gt;
		&lt;/planet&gt;
		&lt;planet&gt;
			&lt;name&gt;tau Ceti c&lt;/name&gt;
			&lt;name&gt;HD 10700 c&lt;/name&gt;
			&lt;list&gt;Controversial&lt;/list&gt;
			&lt;mass&gt;0.009751672&lt;/mass&gt;
			&lt;period&gt;35.362&lt;/period&gt;
			&lt;semimajoraxis&gt;0.195&lt;/semimajoraxis&gt;
			&lt;eccentricity&gt;0.03&lt;/eccentricity&gt;
			&lt;discoverymethod&gt;RV&lt;/discoverymethod&gt;
			&lt;lastupdate&gt;12/12/19&lt;/lastupdate&gt;
			&lt;discoveryyear&gt;2012&lt;/discoveryyear&gt;
			&lt;description&gt;Multiple periodic signals were found by Tuomi et al. in 2012 in the radial velocity data from HARPS, AAPS and HIRES. The planetary nature of the signals has yet to be confirmed.&lt;/description&gt;
			&lt;image&gt;tau_ceti&lt;/image&gt;
			&lt;imagedescription&gt;Artist's impression of the Tau Ceti system

Picture credit: J. Pinfield for the RoPACS network at the University of Hertfordshire, 2012.&lt;/imagedescription&gt;
		&lt;/planet&gt;
		&lt;planet&gt;
			&lt;name&gt;tau Ceti d&lt;/name&gt;
			&lt;name&gt;HD 10700 d&lt;/name&gt;
			&lt;list&gt;Controversial&lt;/list&gt;
			&lt;mass&gt;0.011324522&lt;/mass&gt;
			&lt;period&gt;94.11&lt;/period&gt;
			&lt;semimajoraxis&gt;0.374&lt;/semimajoraxis&gt;
			&lt;eccentricity&gt;0.08&lt;/eccentricity&gt;
			&lt;discoverymethod&gt;RV&lt;/discoverymethod&gt;
			&lt;lastupdate&gt;12/12/19&lt;/lastupdate&gt;
			&lt;discoveryyear&gt;2012&lt;/discoveryyear&gt;
			&lt;description&gt;Multiple periodic signals were found by Tuomi et al. in 2012 in the radial velocity data from HARPS, AAPS and HIRES. The planetary nature of the signals has yet to be confirmed.&lt;/description&gt;
			&lt;image&gt;tau_ceti&lt;/image&gt;
			&lt;imagedescription&gt;Artist's impression of the Tau Ceti system

Picture credit: J. Pinfield for the RoPACS network at the University of Hertfordshire, 2012.&lt;/imagedescription&gt;
		&lt;/planet&gt;
		&lt;planet&gt;
			&lt;name&gt;tau Ceti e&lt;/name&gt;
			&lt;name&gt;HD 10700 e&lt;/name&gt;
			&lt;list&gt;Controversial&lt;/list&gt;
			&lt;mass&gt;0.013526513&lt;/mass&gt;
			&lt;period&gt;168.12&lt;/period&gt;
			&lt;semimajoraxis&gt;0.552&lt;/semimajoraxis&gt;
			&lt;eccentricity&gt;0.085&lt;/eccentricity&gt;
			&lt;discoverymethod&gt;RV&lt;/discoverymethod&gt;
			&lt;lastupdate&gt;12/12/19&lt;/lastupdate&gt;
			&lt;discoveryyear&gt;2012&lt;/discoveryyear&gt;
			&lt;description&gt;Multiple periodic signals were found by Tuomi et al. in 2012 in the radial velocity data from HARPS, AAPS and HIRES. The planetary nature of the signals has yet to be confirmed.&lt;/description&gt;
			&lt;image&gt;tau_ceti&lt;/image&gt;
			&lt;imagedescription&gt;Artist's impression of the Tau Ceti system

Picture credit: J. Pinfield for the RoPACS network at the University of Hertfordshire, 2012.&lt;/imagedescription&gt;
		&lt;/planet&gt;
		&lt;planet&gt;
			&lt;name&gt;tau Ceti f&lt;/name&gt;
			&lt;name&gt;HD 10700 f&lt;/name&gt;
			&lt;list&gt;Controversial&lt;/list&gt;
			&lt;mass&gt;0.020761624&lt;/mass&gt;
			&lt;period&gt;642&lt;/period&gt;
			&lt;semimajoraxis&gt;1.35&lt;/semimajoraxis&gt;
			&lt;eccentricity&gt;0.03&lt;/eccentricity&gt;
			&lt;discoverymethod&gt;RV&lt;/discoverymethod&gt;
			&lt;lastupdate&gt;12/12/19&lt;/lastupdate&gt;
			&lt;discoveryyear&gt;2012&lt;/discoveryyear&gt;
			&lt;description&gt;Multiple periodic signals were found by Tuomi et al. in 2012 in the radial velocity data from HARPS, AAPS and HIRES. The planetary nature of the signals has yet to be confirmed.&lt;/description&gt;
			&lt;image&gt;tau_ceti&lt;/image&gt;
			&lt;imagedescription&gt;Artist's impression of the Tau Ceti system

Picture credit: J. Pinfield for the RoPACS network at the University of Hertfordshire, 2012.&lt;/imagedescription&gt;
		&lt;/planet&gt;
	&lt;/star&gt;
&lt;/system&gt;

            </thedatavisible><thedatavisibleblob /></visibleobservationdata><images><fileurl></fileurl><filename /><imagedata /></images><comments><thecomments>For furthur info check the data</thecomments></comments></visible></observationalastronomy><observationalastronomy><infrared><device><manufacturer /><model>MAST Repository</model></device><location><gridRef /><address>USA</address></location><target><targetname>Tau Ceti</targetname><targetposition /></target><targetephemeris><ephemeris></ephemeris></targetephemeris><datetime><thedate>15 03 2015</thedate><thetime /></datetime><weather><weatherdesc></weatherdesc></weather><observer><forename /><surname></surname><contact /></observer><irobservationdata><thetime /><theintensity /><thewavelength /><description>CSV</description><fileurlir /><filenameir /><thedatair>Dataset,Target Name,RA (J2000),Dec (J2000),Ref,Start Time,Stop Time,Exp Time,Instrument,Apertures,Filters/Gratings,Central Wavelength,Proposal ID,Release Date,Preview Name,High-Level Science Products,Ang Sep (')
string,string,ra,dec,integer,datetime,datetime,float,string,string,string,float,integer,datetime,string,integer,float
U33LC701M,CL-ULIR00060-1543,00 08 35.281,-15 27 20.22,35,1997-05-07 07:53:14,1997-05-07 07:59:54,400.000,WFPC2 ,WF3,F814W,8012.000,6346,1998-05-07 13:13:50,U33LC701M,,41.353
U33LC702M,CL-ULIR00060-1543,00 08 35.281,-15 27 20.22,35,1997-05-07 08:02:14,1997-05-07 08:08:54,400.000,WFPC2 ,WF3,F814W,8012.000,6346,1998-05-07 13:06:10,U33LC702M,,41.353
N52XAKRRQ,ANY,00 02 12.868,-15 32 28.25,2,1998-09-26 01:54:44,1998-09-26 02:11:48,1023.950,NICMOS,NIC2,F222M,22181.699,8082,1998-09-26 18:27:26,N52XAKRRQ,,51.248
N4XFGESUQ,ANY,00 02 12.868,-15 32 28.25,1,1998-09-26 06:32:14,1998-09-26 06:39:42,447.976,NICMOS,NIC2,F222M,22181.699,8063,1998-09-26 17:33:24,N4XFGESUQ,,51.248
N4XFGFT3Q,ANY,00 02 12.868,-15 32 28.25,1,1998-09-26 06:51:39,1998-09-26 06:59:07,447.976,NICMOS,NIC2,F222M,22181.699,8063,1998-09-26 18:06:37,N4XFGFT3Q,,51.248
N52XALS5Q,ANY,00 02 12.868,-15 32 28.25,2,1998-09-26 03:30:25,1998-09-26 03:47:29,1023.950,NICMOS,NIC2,F222M,22181.699,8082,1998-09-26 18:42:19,N52XALS5Q,,51.248
N52XAMSJQ,ANY,00 02 12.868,-15 32 28.25,2,1998-09-26 05:07:13,1998-09-26 05:24:17,1023.950,NICMOS,NIC2,F222M,22181.699,8082,1998-09-26 18:49:49,N52XAMSJQ,,51.248
N52XAKRJQ,ANY,00 02 12.780,-15 32 29.77,2,1998-09-26 01:34:28,1998-09-26 01:51:32,1023.950,NICMOS,NIC2,F222M,22181.699,8082,1998-09-26 15:54:00,N52XAKRJQ,,51.269
N52XALRXQ,ANY,00 02 12.780,-15 32 29.77,2,1998-09-26 03:10:09,1998-09-26 03:27:13,1023.950,NICMOS,NIC2,F222M,22181.699,8082,1998-09-26 16:31:04,N52XALRXQ,,51.269
N52XAMSDQ,ANY,00 02 12.780,-15 32 29.77,2,1998-09-26 04:46:57,1998-09-26 05:04:01,1023.950,NICMOS,NIC2,F222M,22181.699,8082,1998-09-26 17:09:52,N52XAMSDQ,,51.269

</thedatair><thedatairblob /></irobservationdata><images><fileurl></fileurl><filename /><imagedata /></images><comments><thecomments>For furthur info check the data</thecomments></comments></infrared></observationalastronomy></astronomy>